pk,ps,sd,psi_reconstruction_with_root_extension_code,othlgs,contribution_pk
1,adverb,time_phase,,,1
2,adverb,time_phase,,,2
3,particle,social_communication,,,3
4,particle,social_communication,,Tunica |hon~| MRH.,4
5,verb,perceptual_visual_color,†šir,Cf. proto Keresan |-sdyIrI|.,5
6,verb,perceptual_visual_color,†xir,,6
7,verb,perceptual_visual_color,,"Yuchi: |hi| |ti| LB. Cf. PUA |*si|, |*ci| ‘yellow (guts, gall)’ Miller
#476. In 1987 version listed under *si only, ‘intestines’; ‘yellow’ a
derived form in Cora only. Cf. Davis + Miller, Proto-Keresan Phonology, IJAL
29, p.321 *čingI (cf. also ‘brown’).",7
8,,physical_somatic_function,,,8
9,,physical_somatic_body_part,,,9
10,,physical_somatic_body_part,,,10
11,,physical_contact_manipulation,,,11
12,,physical_contact_manipulation,,,12
13,,physical_contact_manipulation,,,13
14,,physical_contact_manipulation,,,14
15,verb transitive,physical_somatic_disease,,,15
16,noun,animal_worm,,,16
17,,animal_bird,,,17
18,,physical_spatial,†wąrhe,,18
19,,n/a,,,19
20,,psychic_cognition,,,20
21,,physical_contact_manipulation,,,21
22,verb,physical_contact_manipulation,†kį 0.S,,22
23,,time_phase,,,23
24,,physical_somatic_body_part_animal,,,24
25,,physical_somatic_body_part_animal,,,25
26,,natural_force_weather,,,26
27,noun,natural_force_weather,,,27
28,noun,natural_force_weather,,,28
29,,social_game,,,29
30,,physical_condition_change,,,30
31,,plant,,"Cf. Mithun 271 ‘willow’ Moh.: |ó:se|; Onon. ,Cay., Sen.: |oséhtaʔ.|
Cf. Tunica: |nɔ´ša| MRH.",31
32,,psychic_volition,,,32
33,noun,animal_mammal,†tą,Atakapa |intuk|,33
34,noun,animal_mammal,†trų,"Cf. Yuchi |catione| ‘fox’, |šatyʌ̨ne| ‘wildcat’ LB",34
35,,social_kin,,,35
36,,perceptual_auditory,,,36
37,pronoun,n/a,†pe•,,37
38,,person,,,38
39,,perceptual_visual_color,,"Cf. Yuchi: |yaka, jaka| LB",39
40,,perceptual_visual_color,,,40
41,,perceptual_auditory,†so 0.p,,41
42,,perceptual_auditory,,,42
43,,perceptual_auditory,,,43
44,,physical_contact_impact,,,44
45,pronoun,time,†tohą,,45
46,particle,physical_spatial,†rą,,46
47,,physical_action,,,47
48,noun,physical_contact_manipulation,,,48
49,,physical_contact_manipulation,,,49
50,,physical_artefact_dress,,,50
51,,physical_artefact_dress,,,51
52,,physical_artefact_dress,,,52
53,,physical_artefact_dress,,,53
54,,evaluative,,,54
55,,physical_substance,,,55
56,,physical_substance,†yo,,56
57,,physical_contact_manipulation,,,57
58,,perceptual,,,58
59,,perceptual,,,59
60,,social_war,,"Choctaw |tanampi| ‘be hostile, fight, beat war’ Byington 341.",60
61,,psychic_volition,,,61
62,,psychic_volition,,,62
63,,psychic_volition,,,63
64,,plant_part,,,64
65,,physical_motion,,,65
66,,physical_motion,,,66
67,verb,physical_action,,,67
68,,physical_somatic_function,,Yuchi: |kʔwæ̨| LB,68
69,,perceptual_auditory,,,69
70,,perceptual_auditory,,,70
71,,perceptual_visual,,,71
72,,plant,,,72
73,,animal_insect,,,73
74,noun,animal_insect,,,74
75,noun,animal_insect,,"Tunica |šírihka| ‘ant’
---
Meskwaki & Sauk |konwa:ške:ha| 'frog' JEK & Dave Costa",75
76,noun,animal_insect,,,76
77,noun,animal_insect,,,77
78,,animal_insect,,,78
79,,physical_somatic_body_part,,,79
80,,physical_action,,,80
81,,physical_somatic_liquid,,,81
82,,physical_somatic_liquid,,,82
83,,physical_spatial,,,83
84,,physical_contact,,,84
85,,physical_spatial,†wą,,85
86,,physical_contact_manipulation,,,86
87,,perceptual,,,87
88,,social_kin,,,88
89,,abstract_number,,"Yuchi: |nǫwę| ‘two’ LB; Cf. Proto-Keresan |*dyû•-w’é•, *dyû•mí•| Miller
and Davis, IJAL-29, p.321.",89
90,verb,physical_contact_deformation,†pe,,90
91,,physical_contact_deformation,†rį w.š,,91
92,,physical_contact_deformation,†rį w.x,,92
93,,physical_contact_deformation,†rį w.s,,93
94,,physical_contact_deformation,†rį w.0,,94
95,,physical_contact_deformation,†rį,,95
96,verb,physical_contact_deformation,†pe + †rį w.0,,96
97,,person,,,97
98,,person,,,98
99,,animal_reptile,,,99
191,verb,physical_contact_deformation,†si 0.k,,191
192,,physical_contact_deformation,†ra,,192
193,noun,plant_part,,,193
194,verb,perceptual_visual,†tą h.0,,194
195,verb,physical_contact_manipulation,,,195
196,verb,physical_motion,†tą š.0,,196
197,,physical_motion,†tą s.h,,197
198,noun,physical_somatic_body_part,,,198
199,noun,perceptual_olfactory,†yą 0.x,,199
200,verb,perceptual_olfactory,†xų 0.h,,200
201,noun,perceptual_olfactory,†wų k.s,,201
202,verb,perceptual_visual,,,202
203,verb,physical_contact,†ta s.0,,203
523,suffix,time,,,523
100,,animal_reptile,,"Tunica: |kóhku| MRH. JEK: Possible comparable Algonquian Etymon for
PSI |*hké| or |*pké| ‘turtle’ Fox: |mešihke:ha mahkwa:hke:hani| ‘snapping turtle
(P) {and} tortoise (O)’ (Goddard ______:277) (‘The obviative in Fox
narrative discourse’) Kickapoo: |mesihkeeha| ‘snapping turtle’ (Voorhis
1988:69) Kickapoo: |maskoteehkeeha| ‘terrapin, land turtle (Voorhis 1988:63)
Menomini |mɛhkɛɛnaah (-kok|) ‘big turtle; dirty-spoken person’
(Bloomfield/Hockett 1975:117) Menomini: |mesihkɛw| ‘legendary name of turtle
as person’ (Bloomfield/Hockett 1975:127) Miami: |käkkityata| ‘map turtle’
(Voegelin ______:298) No turtle form in Aubin or in Siebert 1967. JEK:
Notes: OP |Kké=ttąga| ‘Big Turtle; Snapping Turtle’ is the name of a mythical
character, evidently a turtle-cum-man in the usual mythological fashion, who
forms a war party and raids the enemy. Dorsey has the OP text; I have noted
the same story in a Fox collection. The same form is also the term for
‘snapping turtle’. RR: In this connection, cf. |mushiao| ‘snapping turtle
(nickname)’ JGT92-265 #8426.",100
101,,plant,,,101
102,,plant,,,102
103,,physical_motion,†Sų k.h,,103
104,,physical_motion,†sų,,104
105,,physical_motion,†tą p.0-ra,,105
106,,physical_motion,†tą p.0,,106
107,,physical_motion,†wį 0.x,,107
108,,physical_motion,†rų w.0,,108
109,,plant,,,109
110,,physical_somatic,,,110
111,,physical_motion,,,111
112,,physical_contact_manipulation,†kų,,112
113,,social_transfer,,,113
114,,physical_spatial_place,,,114
115,,physical_spatial_place,†htąwa,,115
116,particle,physical_spatial,†pa h.0,,116
117,particle,physical_spatial,†kta,,117
118,particle,physical_spatial,†pa,,118
119,,physical_contact,,,119
120,,physical_somatic_body_part,,,120
121,,physical_somatic_body_part,†hi,"Chitimacha |ʔiʔ|. Cf. Swadesh PCA #7 (rejected by Gursky 87
a,b).",121
122,,physical_somatic_body_part,†reši,,122
123,noun,plant,†rani,"PUA: |*yena| ‘smoke tobacco’ (verb) Miller #394. Proto Musk:
|*xakčoma|. Yuchi: |ʔi| ‘tobacco’, |ʔjutšhwa| ‘tobacco blossom’ LB.
Caddoan: Caddo |yáhah| we; Arik. |haahnaaWIškáanuʔ| DP Tunica: |rá|
‘tobacco’; |rášuru| ‘smoking tobacco’ MRH Shawnee |laʔθeema ~ lʔθeema|
CV Miami: |säna cv|; Men. |neʔnema:w|; Fox |nese:ma:wa| Aubin.",123
124,,physical_artefact_shelter,,,124
125,adverb,n/a,†sʔi,,125
126,,physical_contact_manipulation,†te x.0,,126
127,,physical_contact_manipulation,†ki s.t,,127
128,verb,physical_contact_manipulation,†ke š.0,,128
129,,natural_force_weather,†tuha,,129
130,,natural_force_weather,†krų,,130
131,verb,physical_action,†ku h.t,Cf. Shoshoni look-alike |kwtti| ‘shoot’ (general Numic?) (from John McLaughlin).,131
132,,physical_contact_manipulation,,,132
133,,physical_somatic_body_part,,,133
134,,abstract_number,,"Yuchi: |nǫkæ| LB;Cf. Proto-Keresan |*čémI| Miller + Davis, IJAL
29, p.321.",134
135,pronoun,n/a,†re-,,135
136,pronoun,n/a,†Re,,136
137,particle,n/a,†hi,,137
138,particle,physical_spatial,†to,,138
139,,physical_spatial,†ro,,139
140,noun,social_kin,,,140
141,verb,psychic_cognition,†į,,141
142,verb,psychic_cognition,†rukyą,,142
143,verb,psychic_cognition,†e_yeh,,143
144,verb,perceptual,,,144
145,noun,physical_somatic_body_part,,,145
146,verb,perceptual,†šo 0.k,,146
147,particle,n/a,†kį,,147
148,pronoun,n/a,†še,,148
149,particle,n/a,†ko,,149
150,pronoun,n/a,†ka,,150
151,,social_communication,,,151
152,,physical_somatic_body_part,†šų 0.t,,152
153,,physical_somatic_body_part,†ašųtka,,153
154,,abstract_number,†pirak,,154
155,,abstract_number,†kye•prą,,155
156,particle,n/a,†-ša,,156
157,verb,social_communication,†ora•k,,157
158,enclitic,n/a,†ake/aki,,158
159,,physical_contact_deformation,†ka 0.s,,159
160,,physical_somatic_body_part_animal,†į́pi,,160
161,noun,physical_somatic_body_part_animal,†sį 0.t,"Choctaw |sínti| ‘snake’ By-323 from Proto Muskogean |*cintiXo|;
probably an accidental look-alike. RR",161
162,noun,plant,,,162
163,verb,physical_condition_change,†po 0.x,,163
164,verb,physical_condition_change,†po 0.h,,164
165,verb,physical_condition_change,†po h.0,,165
166,verb,physical_condition_change,†pa 0.h,,166
167,verb,perceptual_taste,†ku• š.h,,167
168,verb,perceptual_taste,†ku• s.h,,168
169,verb,physical_somatic_function,†rį w.0,,169
170,noun,animal_bird,,,170
171,verb,physical_spatial,†nąse,,171
172,verb,physical_spatial,†xE,,172
173,noun,plant,,,173
174,noun,physical_celestial_body,,,174
175,noun,time_phase,,,175
176,verb,physical_action,†rhire,,176
177,verb,physical_action,†rhikre,,177
178,,physical_action,†šo 0.p,,178
179,,physical_action,†xo 0.p,,179
180,verb,physical_action,†xo 0.k,,180
181,verb,psychosomatic_caus,†sa 0.k,,181
182,verb,physical_contact_manipulation,†xi 0.h,,182
183,verb,physical_action,†ša,,183
184,verb,physical_contact_impact,†te h.0,,184
185,verb,physical_contact_impact,†ta š.0,,185
186,verb,physical_contact_impact,†ta x.k,,186
187,verb,physical_contact_impact,†ta s.0,,187
188,verb,physical_contact_impact,†pe t.0,,188
189,verb,physical_contact_impact,†hį r.0,,189
190,verb,physical_contact_deformation,†šį 0.h,,190
301,verb,evaluative,†ra s.t,,301
204,verb,physical_contact,†ta s.k,,204
205,verb,physical_contact,†ra 0.0,,205
206,Verb,physical_contact,†ra 0.k,,206
207,verb,physical_contact,†ke s.0,,207
208,verb,physical_contact,†ka s.0,,208
209,verb,physical_contact,†ka s.p,,209
210,,social_transfer,,,210
211,verb,social_transfer,,,211
212,noun,physical_celestial_body,,,212
213,noun,physical_celestial_body,,,213
214,noun,physical_celestial_body,,,214
215,verb,n/a,,,215
216,verb,physical_somatic_posture,,,216
217,verb,physical_somatic_posture,,,217
218,verb,physical_motion,,,218
219,verb,physical_contact_impact,†pu 0.x,,219
220,verb,physical_contact_impact,†ya•phe,,220
221,noun,animal_rodent,†hetka,,221
222,noun,animal_rodent,†ši C.k,Tunica |čáhki| ‘flying squirrel’ Haas,222
223,noun,animal_rodent,†nastuk,,223
224,noun,animal_rodent,†si 0.k,"Cf. Proto-Keresan |*si-dyA| Miller + Davis, IJAL
29, p.325. Cf. Tunica {číya} (Haas).",224
225,verb,physical_contact_manipulation,†ri x.0,,225
226,verb,physical_contact_manipulation,†ri s.0,,226
227,verb,physical_contact_manipulation,†ki š.0,,227
228,verb,physical_contact_manipulation,†ki š.k,,228
229,verb,physical_contact_manipulation,†ki x.k,,229
230,verb,physical_contact_manipulation,†ki s.k,,230
231,verb,physical_contact_manipulation,†ke š.p,,231
232,verb,physical_contact_manipulation,†ke s.p,,232
233,verb,physical_contact_manipulation,†ka š.t,,233
234,noun,physical_spatial_aquatic,,,234
235,noun,physical_substance,†wi,"Creek |owi•wa| ‘water’ only superficially similar (RR).
Cf. Tunica {wíši} ‘water’ {píhtiwíši} ‘spring water’ {píhti}
‘spring’ (Haas).",235
236,noun,physical_substance,†rį s.h,,236
237,noun,time_phase,,,237
238,verb,physical_contact_manipulation,†xa 0.0,,238
239,,physical_contact_manipulation,†ra p.š,,239
240,,physical_contact_manipulation,†ra p.š praš-ka,,240
241,,physical_contact_manipulation,†ra p.x,,241
242,verb,physical_contact_manipulation,†ra p.s,,242
243,,physical_contact_manipulation,†ra p.s pras-ka,,243
244,verb,physical_contact_manipulation,†ri p.h,,244
245,verb,physical_contact_manipulation,†ra p.0,,245
246,verb,physical_contact_manipulation,†ra p.r,,246
247,noun,social_kin,,,247
248,verb,perceptual_visual,†pų 0.š,,248
249,verb,perceptual_visual,†pų 0.x,,249
250,verb,perceptual_visual,†pų 0.s,,250
251,verb,physical_contact_deformation,†ša 0.0,,251
252,verb,physical_contact_deformation,†ša 0.t,,252
253,verb,physical_contact_deformation,†ša 0.k,,253
254,verb,physical_contact_deformation,†xa 0.t,,254
255,verb,physical_contact_deformation,†xa 0.k,,255
256,verb,physical_contact_deformation,†sa• 0.t,,256
257,verb,physical_contact_deformation,†re š.k,,257
258,verb,physical_contact_deformation,†re x.k,,258
259,verb,physical_contact_deformation,†re s.k,,259
260,noun,physical_somatic_liquid,,,260
261,verb,physical_somatic_liquid,,,261
262,noun,physical_somatic_body_part,†rą 0.0 rą-hu,,262
263,noun,physical_somatic_body_part,†rą 0.x,,263
264,,physical_contact_manipulation,,,264
265,noun,animal_arachnid,,,265
266,verb,social_communication,,,266
267,adverb,physical_spatial_region,†okax-,,267
268,adverb,physical_spatial_region,†ákʔa,,268
269,verb,perceptual_taste,†xe 0.k,,269
270,verb,perceptual_taste,†ta ʔ.C,,270
271,verb,perceptual_taste,†sa ʔ.C,,271
272,noun,physical_consumption,,,272
273,noun,social_culture,,,273
274,noun,social_kin,,,274
275,noun,social_kin,,"Miami: |ningwissa| ‘my son’ Voegelin-387. Shawnee: |nikwiʔθa| ‘my son’
Voegelin-309. “with derivative in ho-” |nookwiʔθi| ‘I have a son’. Miami:
|kwewssa|, pl. |kwewssaki| ‘boy’ Voegelin-309. |kwewa| ‘adult boy’.",275
276,noun,social_kin,,,276
277,noun,social_kin,,,277
278,noun,social_kin,,,278
279,noun,social_kin,,,279
280,pronoun,abstract,†ta•pa,,280
281,particle,abstract,†ta•ku,,281
282,particle,abstract_amount,,,282
283,noun,social_war,,,283
284,verb,perceptual_tactile,†ro š.0,,284
285,verb,perceptual_tactile,†pą š.0,,285
286,verb,perceptual_tactile,†pą t.0,,286
287,verb,physical_action,,,287
288,verb,n/a,†kǫ,,288
289,noun,physical_artefact_dress,,,289
290,verb,natural_force_weather,,,290
291,verb,natural_force_weather,,,291
292,noun,natural_force_weather,,"JEK: PUA |*nepa, kepa| ‘snow’ (both nouns) Miller #’s 398, 400.
Proto Keresan ‘snow’ *hâ•wé• Miller and Davis IJAL 29:322.
---
MRH: Tunica |móhti, móhtu|.",292
293,noun,physical_somatic_liquid,,,293
294,noun,animal_bird,,Choctaw: |lopinah| ‘snipe’ RR,294
295,verb,physical_somatic_function,,Yuchi |hatšhi| ‘sneeze’ LB,295
296,verb,perceptual_tactile,†xo 0.h,,296
297,verb,perceptual_tactile,†tų š.k,,297
298,noun,social_culture,†ųpa,“Lumbee” “Openna” via RR; Cf. PMusk |*xakčoma|. (-oma ?) (RR),298
299,verb,perceptual_olfactory,†rą w.0,"Cf. PA |*-mya:-| ‘smell’ (medial?); |mela:-| ‘smell’ Aubin 1207.
Cf. Kickapoo |-menaam|, etc. Voorhis-193.",299
300,adverb,physical_motion,†ru s.t,,300
302,verb,physical_motion,†šu 0.t,,302
303,verb,physical_motion,†ru š.t,,303
304,verb,physical_motion,†ru š.k,,304
305,verb,physical_motion,†ru s.t,,305
306,,physical_motion,†ru s.k,,306
307,verb,physical_motion,†ro š.t,,307
308,verb,physical_motion,†ro• s.h,,308
309,,physical_motion,†ro š.k,,309
310,,physical_motion,†ro x.0,,310
311,,physical_motion,†ro x.t,,311
312,verb,psychosomatic,,,312
313,noun,natural_phenomenon,,,313
314,noun,animal_mammal,,,314
315,verb,perceptual,,,315
316,noun,physical_somatic_body_part,†ha,,316
317,verb,physical_contact_manipulation,†xe• 0.r,,317
318,verb,physical_contact_manipulation,†te p.0,,318
319,verb,physical_contact_manipulation,†se• 0.r,,319
320,numeral,abstract_number,,,320
321,verb,physical_somatic_posture,,,321
322,noun,social_kin,,,322
323,noun,social_kin,,,323
324,noun,social_kin,,,324
325,noun,social_kin,,,325
326,noun,social_kin,,,326
327,noun,social_kin,,,327
328,noun,social_kin,,,328
329,,social_kin,†wįhe,,329
330,verb,physical_motion,†pE s.0 or †si 0.p,,330
331,verb,physical_contact_deformation,,,331
332,verb,social_culture,,,332
333,noun,physical_somatic_body_part,†šų 0.h,,333
334,enclitic,n/a,†ska,,334
335,particle,evaluative,†se,,335
336,,physical_spatial,†su,,336
337,adverb,physical_spatial,,,337
338,verb,perceptual_visual_caus,†wį 0.h,,338
339,noun,social_communication,,,339
340,noun,physical_somatic_body_part,†a• 0.r a•r-pro,,340
341,noun,physical_somatic_body_part,†įxket,,341
342,verb,perceptual_visual,†ta 0.p,,342
343,instrumental prefix,physical_artefact_tool_weapon,,"Cf. PUA |*mu-| ‘shoot’, Miller #373. The gloss of Miller’s can’t
be right as PUA must have been dealing with atlatls too. ‘throw’
maybe. RR",343
344,verb,physical_action,†rį ʔ.r,,344
345,verb,perceptual_visual,†šą• 0.0,,345
346,,perceptual_visual,†ša 0.0,,346
347,verb,perceptual_visual,†xą• 0.0,,347
348,,perceptual_visual,†re 0.x,,348
349,noun,physical_somatic_body_part,,,349
350,noun,physical_somatic_body_part,,,350
351,noun,physical_somatic_body_part,†tu• h.k,"Atakapa: |uk| ‘shell, oyster’ Swadesh-9 Chitimacha: ʔukšču
‘oyster’.",351
352,verb,physical_contact_manipulation,,,352
353,verb,perceptual_tactile,,,353
354,,perceptual_tactile,,,354
355,verb,perceptual,,,355
356,verb,physical_motion,†są p.0,,356
357,verb,physical_motion_caus,†ką š.0,,357
358,verb,physical_motion_caus,†ką x.h,,358
359,verb,physical_motion,†yą 0.0,,359
360,verb,physical_motion,†ta 0.h,,360
361,verb,physical_motion,†hų 0.0,,361
362,,physical_motion,†hu 0.s,,362
363,noun,spiritual,,,363
364,verb,physical_contact_manipulation,†ta h.0,,364
365,numeral,abstract_number,,,365
366,numeral,abstract_number,,,366
367,verb,physical_contact_manipulation,†SE 0.0,,367
368,verb,physical_contact_manipulation,†šą 0.h,,368
369,verb,physical_contact_manipulation,†šu 0.0,,369
370,verb,physical_contact_manipulation,†xą 0.h,,370
371,verb,physical_contact_manipulation,†xa• 0.0,,371
372,verb,physical_contact_manipulation,†we 0.s,,372
373,verb,physical_contact_manipulation,†są 0.h,,373
374,verb,perceptual_visual,†ta• 0.r,,374
375,verb,perceptual_visual,†rą 0.w,,375
376,noun,social_kin,,,376
377,verb,physical_contact_manipulation,†ke š.0,,377
378,verb,physical_contact_manipulation,†ra x.t,,378
379,verb,physical_contact_manipulation,†Su 0.h,,379
380,verb,physical_contact_manipulation,†xą 0.h,,380
381,verb,physical_contact_manipulation,†ko ʔ.s,,381
382,verb,physical_contact_manipulation,†ke ʔ.s,,382
383,verb,perceptual_auditory,†ka ʔ.x,,383
384,verb,physical_contact_manipulation,†ke ʔ.x,,384
385,verb,physical_contact_manipulation,†ko ʔ.0,,385
386,verb,physical_contact_manipulation,†ke x.0,,386
387,verb,physical_contact_manipulation,†ka ʔ.0,,387
388,,physical_contact_manipulation,†ka t.r,,388
389,verb,physical_contact_manipulation,†ko ʔ.x,,389
390,verb,physical_contact_manipulation,†ke t.0,,390
391,verb,physical_contact_manipulation,†ke s.p,,391
392,,physical_contact_manipulation,†ri S.h,,392
393,verb,physical_contact_manipulation,†hi 0.0,,393
394,,physical_somatic_disease,†rą š.0,,394
395,"verb, noun",physical_somatic_disease,†rą s.0,,395
396,verb transitive,social_communication,,,396
397,noun,physical_substance,†pu•xak,,397
398,noun,physical_substance,†pu•sak,,398
399,noun,physical_substance,†awą-sku,,399
400,noun,physical_substance,†wrį-sku,,400
401,noun,spiritual,,,401
402,"verb, noun",spiritual,,,402
403,"verb, noun",spiritual,,,403
404,verb,spiritual,,,404
405,verb,physical_motion,,,405
406,verb,physical_motion,,,406
407,verb,physical_motion,,,407
408,verb,physical_contact,†tu š.t,,408
409,verb,physical_contact,†hį 0.t,,409
410,verb,perceptual_visual_shape,,,410
411,verb,perceptual_visual_shape,†ro w.k,,411
412,,perceptual_visual_shape,†šų p.0,,412
413,,perceptual_tactile,,,413
414,,perceptual_tactile,,,414
415,,perceptual_tactile,,,415
416,,perceptual_tactile,,,416
417,verb,physical_motion,,,417
418,noun,physical_spatial_mountaneous,,,418
419,noun,physical_spatial_mountaneous,,,419
420,noun,physical_spatial_mountaneous,,Yuchi |ti| LB,420
421,noun,physical_spatial_mountaneous,,Yuchi |ti| (LB).,421
422,noun,animal_bird,,,422
423,verb,physical_condition_change,†rų S.0,,423
424,Verb,physical_condition_change,,,424
425,,physical_spatial,,,425
426,,physical_spatial,,,426
427,,physical_spatial_aquatic,,Tunica: |títihtʔɛ| MRH,427
428,verb,physical_condition,,,428
429,verb,physical_contact_deformation,†ra p.x,,429
430,verb,physical_contact_deformation,†ra p.š,,430
431,verb,physical_contact_deformation,†ra p.s,,431
432,noun,physical_artefact_part,,,432
433,noun,physical_spatial,,,433
434,noun,physical_spatial,,,434
435,noun,plant,,,435
436,,physical_somatic_body_part,,,436
437,noun,physical_somatic_body_part,,,437
438,verb,psychic_cognition,,,438
439,verb,perceptual_visual_color,,,439
440,verb,perceptual_visual_color,†še 0.0,,440
441,,perceptual_visual_color,,,441
442,verb,physical_condition,,,442
443,,perceptual_auditory,,,443
444,,perceptual_auditory,†ra x.h,,444
445,,perceptual_auditory,†rą š.h,,445
446,noun,perceptual_auditory,†rą s.h,,446
447,,perceptual_auditory,†wu x.h,,447
448,,perceptual_auditory,†wu š.h,,448
449,,perceptual_auditory,†wu s.h,,449
450,verb,natural_force_weather,,,450
451,,natural_force_weather,,,451
452,noun,animal_mammal,,,452
453,noun,animal_mammal,,"|*wa:poswa| ‘rabbit’; |*meʔθa:poswa| ‘great hare, culture hero’,
Menomini |meʔnapus| Aubin-1238.",453
454,noun,physical_artefact_container,,,454
455,verb,perceptual_auditory,,,455
456,,n/a,†wi,,456
457,particle,n/a,†rą,,457
458,,animal_bird,,,458
459,,physical_contact_manipulation,†re k.0,,459
460,verb,physical_contact_manipulation,†šu 0.0,,460
461,,physical_contact_manipulation,,,461
462,verb,physical_contact_manipulation,†rą k.k,,462
463,prefix,physical_motion_caus,,,463
464,,physical_motion_caus,†tą 0.0,,464
465,verb,physical_motion_caus,†tą h.0,,465
466,verb,physical_motion_caus,ti 0.0,,466
467,,physical_motion_caus,†ti 0.S,,467
468,verb,social_transfer,,,468
469,prefix,physical_contact_impact,,,469
470,verb,physical_contact_impact,,,470
471,verb,physical_contact_impact,†ži 0.p,,471
472,verb,physical_contact_manipulation,,,472
473,noun,physical_spatial_area,,,473
474,"verb, noun",physical_substance,,,474
475,,physical_contact_impact,†tą h.h,,475
476,,physical_contact_impact,†ki š.0,,476
477,noun,plant_part,,"Yuchi |thobjołʔo|, |thosæ̨|, |thotsʌ̨|,
|thodabisæ̨| LB",477
478,,possession,,,478
479,,n/a,,,479
480,noun,animal_rodent,,,480
481,noun,physical_artefact_part,,,481
482,verb,social_communication_gesture,†so 0.h,,482
483,,n/a,,,483
484,noun,plant_part,,"Choctaw |tákkonloši| ‘plum’  RR
---
Choctaw |tákkon| ‘peach’ RR
---
Tunica |téhkʔelu| MRH
---
Com stem for several fruits
---
Shawnee |tʔkana| ‘plum’ Pentland.",484
485,verb,social,†ka š.t,,485
486,verb,social,,,486
487,noun,plant,,,487
488,verb,physical_contact,,,488
489,,physical_contact,,,489
490,,physical_contact_deformation,,,490
491,Verb,physical_contact_manipulation,,,491
492,noun,plant_part,,,492
493,verb,social_communication,,,493
494,noun,physical_somatic_body_part,,,494
495,,animal_bird,,,495
496,verb,physical_contact_deformation,†xi 0.p,,496
497,verb,physical_contact_deformation,†xa 0.p,,497
498,verb,physical_contact_deformation,†ša 0.p,,498
499,verb,physical_contact_deformation,†sa 0.p,,499
500,verb,physical_contact_deformation,†ku š.0,,500
501,verb,physical_contact_deformation,†ku s.h,,501
502,verb,perceptual_visual,,,502
503,verb,physical_contact_manipulation,,,503
504,,n/a,,,504
505,verb,physical_motion,,,505
506,noun,animal_bird,,,506
507,noun,animal_bird,,Proto Muskogean MU |*oopa| RR,507
508,adverb,physical_spatial,†htą,,508
509,noun,animal_mammal,,,509
510,particle,physical_spatial,†ką,,510
511,verb,social,†ši 0.0,,511
512,verb,physical_contact_manipulation,†xo 0.t,,512
513,verb,physical_contact_manipulation,†pa 0.S,,513
514,verb,physical_contact_manipulation,†še 0.r,,514
515,verb,physical_somatic,†ri x.p,,515
516,,plant,,Tunica |šíhka múča| MRH,516
517,,abstract,,,517
518,,abstract_number,,,518
519,numeral,abstract_number,,,519
520,locative prefix,physical_spatial,,,520
521,,time,,,521
522,,time,,,522
524,noun,person,,,524
525,,time,†Sʔo 0.0,,525
526,,spiritual,,,526
527,,plant,,PUA UA |*tua| ‘oak tree’ Miller 309,527
528,noun,plant,,PUA UA |*tua| ‘oak tree’; Miller 309,528
529,noun,plant,,,529
530,verb,physical_contact,,,530
531,adverb,time,†hirą,,531
532,noun,physical_somatic_body_part,,,532
533,noun,physical_somatic_body_part,,,533
534,verb,abstract_amount,,,534
535,noun,abstract_number,,,535
536,noun,social_kin,,,536
537,noun,social_kin,,,537
538,verb,time,,,538
539,verb,time,,,539
540,noun,social_kin,,,540
541,noun,social_kin,,,541
542,,n/a,,,542
543,enclitic,n/a,,,543
544,,n/a,,,544
545,noun,physical_artefact_dress_jewelry,,,545
546,noun,physical_somatic_body_part,,,546
547,noun,physical_somatic_body_part,,,547
548,noun,physical_somatic_body_part,,,548
549,adverb,physical_spatial,†ška,,549
550,noun,physical_somatic_body_part,,,550
551,verb,perceptual_visual,,,551
552,noun,social,,Yuchi |ti| LB,552
553,noun,animal_rodent,,,553
554,noun,physical_substance,,,554
555,noun,physical_somatic_liquid,†rį x.0,,555
556,instrumental prefix,physical_somatic_body_part,,,556
557,noun,physical_somatic_body_part,,,557
558,noun,animal_rodent,,,558
559,verb,psychic_emotion_expression,,,559
560,noun,physical_spatial_mountaneous,,,560
561,noun,social_kin,,,561
562,noun,social_kin,,,562
563,noun,animal_insect,,,563
564,noun,physical_artefact_tool,,,564
565,noun,physical_celestial_body,,"PUA, UA |*meya, *mea| Miller 286a
---
PUA, UA |*meca| Miller 286b",565
566,verb,perceptual,†pą x.h,,566
567,verb,perceptual,,,567
568,verb,perceptual,,,568
569,noun,physical_artefact_dress,,,569
570,noun,physical_artefact_dress,,,570
571,verb,physical_contact_manipulation,†hi 0.h,,571
572,verb,physical_contact_manipulation,†rą w.0,,572
573,verb,physical_contact,†rą k.r,,573
574,verb,physical_spatial_aquatic,†ta s.0,,574
575,verb,physical_spatial_aquatic,†ta S.k,,575
576,adverb,physical_spatial,†yo 0.k,,576
577,noun,physical_spatial,,,577
578,noun,physical_material,,,578
579,verb,physical_condition_change,,,579
580,verb,physical_condition_change,,,580
581,verb,physical_contact,,,581
582,noun,social_culture,,,582
583,verb,psychic_cognition,,,583
584,noun,physical_somatic_body_part,,,584
585,verb,perceptual_visual,†re k.š,,585
586,verb,perceptual_visual,†re k.x,,586
587,verb,perceptual_visual,†re k.s,,587
588,verb,physical_contact_deformation,†xo 0.h,,588
589,noun,plant,,,589
590,verb,abstract_amount,,,590
591,noun,person,,,591
592,noun,person,,,592
593,verb,person,,,593
594,verb,physical_contact_deformation,†ka 0.x,,594
595,verb,physical_contact_deformation,,,595
596,noun,physical_somatic_body_part,,,596
597,verb,psychic_emotion,,,597
598,noun,animal_insect,,,598
599,verb,psychosomatic,,,599
600,verb,physical_contact_impact,,,600
601,noun,animal_bird,,,601
602,verb,perceptual_visual,,,602
603,verb,perceptual_visual,,,603
604,verb,perceptual_visual,,,604
605,particle,perceptual,†hą,,605
606,,time,†tehą,,606
607,verb,perceptual_visual,†hąska,,607
608,verb,perceptual_visual,,,608
609,particle,n/a,†-ka,,609
610,adverb,n/a,†-tu,,610
611,particle,n/a,†tka,,611
612,particle,n/a,†ti,,612
613,particle,n/a,†ta,,613
614,particle,n/a,†rą,,614
615,particle,n/a,†ro,,615
616,particle,n/a,†ri,,616
617,particle,n/a,†ra,,617
618,particle,n/a,†ki 0.0,,618
619,noun,physical_somatic_body_part,,"Proto Muskogean |*lópi| ‘liver, brain, marrow’",619
620,verb,person,,,620
621,noun,physical_somatic_body_part,,,621
622,noun,physical_somatic_body_part,,,622
623,noun,natural_force_weather,,,623
624,noun,natural_force_weather,,,624
625,verb,perceptual_tactile,,,625
626,verb,physical_somatic_posture,†wų,,626
627,noun,,,,627
628,verb,physical_contact,,,628
629,interjection,n/a,,,629
630,noun,physical_artefact_dress,,,630
631,noun,physical_somatic_body_part,,,631
632,"verb, noun",physical_spatial,,,632
633,noun,animal_worm,,,633
634,noun,plant_part,,,634
635,noun,plant_part,,,635
636,verb,physical_somatic_posture,,,636
637,verb,psychic_emotion_expression,,,637
638,noun,physical_spatial_aquatic,,,638
639,verb,physical_contact_manipulation,,,639
640,verb,psychic_cognition,,,640
641,verb,psychic_cognition,,,641
642,verb,psychic_cognition,,,642
643,verb,physical_contact_impact,†hą k.0,,643
644,verb,physical_contact_impact,†ta 0.š,,644
853,verb,physical_action,,,853
645,verb,physical_contact_impact,†ta 0.x,,645
646,,perceptual,†ri s.0,,646
647,,physical_artefact_tool,,"Cf. Shawnee |maaneʔθi| (C.F. Voegelin, notes on Shawnee/TU loans,
MS.)",647
648,noun,physical_somatic_body_part,,Yuchi |šʔæ̨tho| LB,648
649,verb,psychosomatic_caus,,,649
650,verb,psychosomatic_caus,,,650
651,noun,physical_artefact_container,,,651
652,noun,plant_part,,"Atakapa |šo| ‘seed’ Swadesh 168 (?) via JEK. Tunica |tósu| ‘seed’
(MRH).",652
653,noun,plant,,"JEK: Iroquoian, Mohawk, Oneida, Onondaga |ohnéhtaʔ|, Huron |xahⁿdéhtaʔ|,
Wyandot |andeta|, Tuscarora |uhtéhneh|, Mithun (1984, 270).",653
654,verb,physical_motion,,,654
655,verb,physical_motion,,,655
656,noun,physical_consumption,,,656
657,verb,psychic_emotion,,,657
658,noun,physical_somatic_body_part,,,658
659,verb,physical_somatic_disease,†xi 0.0,,659
660,verb,physical_somatic_disease,†xa 0.0,,660
661,noun,physical_spatial_place,,,661
662,pronoun,n/a,†ta•,,662
663,particle,n/a,†we,,663
664,enclitic,n/a,†wa,,664
665,pronoun,n/a,†tu,,665
666,pronoun,n/a,†to•,,666
667,pronoun,n/a,†tą,,667
668,particle,n/a,†pa,,668
669,particle,n/a,†ha,,669
670,,physical_spatial,,,670
671,noun,physical_substance,,,671
672,verb,physical_contact_deformation,,,672
673,noun,social_kin,,PUA |*kuna| ‘husband’ Miller #504 Cf. ‘marry’.,673
674,verb,social_culture,,,674
675,verb,physical_somatic,,,675
676,verb,perceptual_auditory,,,676
677,pronoun,modal,†ta•ska,,677
678,noun,physical_artefact_shelter,,,678
679,verb,perceptual,,,679
680,,natural_force_weather,,,680
681,noun,physical_somatic_body_part_animal,,"JEK: Atakapa: |uk| ‘shell, oyster’ Swadesh-9, Chitimacha: |ʔukšču|
‘oyster’. Goes with ‘horn (1)’.",681
682,noun,physical_somatic_body_part_animal,†he,,682
683,noun,physical_artefact_tool,,,683
684,verb,physical_spatial,,,684
685,verb,physical_spatial,,,685
686,verb,physical_spatial,,,686
687,verb,physical_spatial,†ro x.k,,687
688,verb,perceptual_auditory,†ko h.k,,688
689,,physical_spatial,†xo ʔ.t,,689
690,,physical_spatial,†ho 0.p,"JEK: Cf. Atakapa |hop| ‘hole’. Swadesh-19.  Chitimacha |hapt| ‘to bore’
Swadesh-19.",690
691,noun,physical_spatial,†po 0.x,,691
692,verb,physical_contact,,,692
693,verb,psychic_volition,,,693
694,verb,physical_somatic_disease,,,694
695,verb,physical_contact_impact,,,695
696,verb,physical_contact_impact,,,696
697,,perceptual_auditory,†ri š.0,,697
698,,perceptual_auditory,†ri s.0,,698
699,,perceptual_auditory,,,699
700,noun,physical_spatial_mountaneous,,,700
701,noun,physical_material,,,701
702,verb,physical_contact_manipulation,,"Proto-Algonquian |*kya-| ‘hide, conceal’.  Aubin",702
703,noun,plant_part,,,703
704,noun,plant,,,704
705,noun,animal_bird,,,705
706,particle,time,†ko,,706
707,verb,social,,,707
708,noun,physical_somatic_body_part,,,708
709,verb,perceptual_tactile,,,709
710,,natural_force_weather,,"Cf. PUA #62a (Miller) |*na, *nai| ‘burn’ Cf. ‘burn’",710
711,verb,natural_force_weather,,,711
712,noun,physical_somatic_body_part,,,712
713,verb,perceptual_auditory,,,713
714,noun,physical_somatic_body_part,,,714
715,noun,physical_somatic_body_part,,,715
716,verb,perceptual_visual_color,,,716
717,noun,plant_part,,,717
718,noun,plant,,,718
719,noun,plant,,,719
720,noun,animal_bird,,,720
721,noun,animal_bird,,,721
722,verb,possession,,,722
723,verb,physical_contact_manipulation,,,723
724,noun,physical_artefact_dress,,,724
725,verb,physical_condition_change,,,725
726,verb,perceptual_tactile,†su 0.t,,726
727,noun,perceptual_tactile,†sa 0.k,,727
728,verb,perceptual_tactile,†su 0.k,,728
729,verb,perceptual_tactile,†sa 0.k,,729
730,verb,physical_somatic_posture,†xe 0.h,,730
731,,physical_somatic_posture,†se 0.0,,731
732,noun,physical_artefact_part,,,732
733,,physical_somatic_body_part,,,733
734,noun,physical_somatic_body_part,†šak,Proto Muskogean |*sakkwa| ‘arm’ MRH,734
735,noun,physical_somatic_body_part,†ųk,"CA |iksa| ‘hand’ KS
---
DSR |*iks-| ‘hand’ (Caddoan).
---
Tunica |ʔúhkeni| ‘his hand’ Haas, 293.",735
736,noun,physical_somatic_body_part,†rąpe,,736
737,noun,physical_somatic_body_part_animal,,,737
738,noun,physical_somatic_body_part_human,,,738
739,noun,natural_force_weather,†dakara,,739
740,noun,natural_force_weather,†wasu,,740
741,noun,plant,,"Tunica: |kómeli| MRH. |kó| ‘tree’ (only hackberry and hawthorne)
+ |meli| ‘black’. Haas uncertain of meaning. (p.224)
---
Pawnee: |kaapsit| Gilmore
---
Caddo: |basnat| Chafe
---
Wichita: |ka•kwic| DSR
---
Proto Muskogean: |*kampko| KMB
---
Choctaw: |kaⁿpko|
---
Alabama: |kapko|
---
Creek: |kap-apó:cka| KMB",741
742,noun,physical_somatic_body_part,,"Cf. Yuchi: |tšhi, tšhe| LB",742
743,verb,perceptual_auditory,,,743
744,verb,perceptual_auditory,†xro,,744
745,verb,perceptual_auditory,†xrį,,745
746,verb,perceptual_auditory,†xrą,,746
747,noun,animal_bird,,,747
748,verb,physical_contact_deformation,†ki S.t,,748
749,,physical_somatic_body_part,,,749
750,verb,physical_contact_deformation,,"PUA #317 |*pah| ‘pestle’, Miller",750
751,verb,physical_contact_deformation,†to h.p,,751
752,noun,physical_substance,,,752
753,noun,physical_substance,,,753
754,verb,perceptual_visual_color,†šo 0.t,,754
755,verb,perceptual_visual_color,†xo 0.t,,755
756,noun,social_culture,,,756
757,noun,plant,†xąte,,757
758,noun,plant,†xąh,,758
759,noun,plant,†mąhį,JEK: Cf. Cheyenne |moe|: ‘grass’ Aubin 1180.,759
760,noun,plant,†hpeše,,760
761,verb,physical_contact,†se 0.0,,761
762,verb,physical_contact,†ši 0.h,,762
763,noun,social_kin,,,763
764,noun,social_kin,,,764
765,noun,social_kin,,,765
766,noun,plant_part,†ko 0.r,,766
767,noun,plant_part,†pe h.S,,767
768,noun,animal_bird,,,768
769,verb,psychosomatic,,,769
770,verb,evaluative,,,770
771,verb,evaluative,,,771
772,verb,evaluative,,,772
773,verb,physical_motion,,,773
774,verb,physical_motion,,,774
775,verb,physical_motion,,"Cf. Yuchi |da, ła| ‘go’ LB",775
776,verb,physical_contact_manipulation,†hį k.t,,776
777,verb,social_transfer,,,777
778,verb,social_transfer,,"Cf. look-alike Proto Keresan |*-ʔU| Miller + Davis IJAL XXIX,
p.320.",778
779,noun,physical_somatic_body_part,,,779
780,noun,spiritual,,,780
781,verb,social_communication_gesture,,,781
782,particle,n/a,†o,,782
783,particle,n/a,†i,,783
784,verb,physical_contact_manipulation,,,784
785,verb,social,,,785
786,verb,physical_contact_manipulation,,,786
787,verb,social_game,,,787
788,enclitic,time_phase,,,788
789,enclitic,time_phase,,,789
790,verb,perceptual,,,790
791,verb,physical_condition,,,791
792,noun,natural_force_weather,,,792
793,noun,natural_force_weather,,,793
794,enclitic,n/a,†rhą,,794
795,noun,animal_amphibian,,,795
796,noun,animal_amphibian,,,796
797,noun,animal_amphibian,,"Tunica: |ʔučɛhka| ‘toad’ MRH-293, which may be a loan
or simply a more or less widespread animal name.",797
798,noun,social,†warųka,,798
799,verb,social,†ta-xi,,799
800,noun,social,†ro,,800
801,noun,social,†hkota,"Yuchi: |kʔati| LB (|kʔa| ‘together’ + |ti| ‘name’-Ballards analysis)
---
Muskogean: Choctaw, Swanton and Byington 222b |kana| ‘friend,
inalienable’. |ikhana| ‘know’.
---
Algonquian: |*niihkaana| ‘my friend’ Charles Callander 1962:121.
Probably better |*n-iiθ-kan-a| ‘brother, fellow, etc.’ Shawnee should
be checked.
---
Mobilian trade jargon: |mogula, mukula| ‘friend’, Crawford p.
85. These clearly relate to Siouan, possibly Quapaw.",801
802,noun,animal_mammal,,,802
803,,abstract_number,,,803
804,verb,psychic_cognition,,,804
805,noun,physical_spatial_area,,,805
806,noun,physical_somatic_body_part,,,806
807,noun,physical_somatic_body_part,,cf. Yuchi |da| LB,807
808,,physical_motion,,,808
809,,physical_contact_impact,,,809
810,,physical_somatic_body_part,,,810
811,noun,physical_somatic_body_part,,"Seneca |-ahsíʔt(a)-| Chafe, 47.",811
812,noun,physical_consumption,,,812
813,verb,physical_motion_caus,,,813
814,verb,physical_contact_manipulation,"†pe 0.0, pe-rhą",,814
815,noun,natural_force_weather,†po ʔ.0,,815
816,noun,natural_force_weather,†awaSi,,816
817,particle,n/a,†ri,,817
818,,physical_condition_change,,,818
819,noun,animal_insect,,"PA |*o•čye•wa| ‘fly’ (Aubin)
---
Shawnee: |hoče| ‘fly’ Voegelin, 1937-40 p.445
---
Miami: |očia| (|aki| pl) ‘maggot, fly’ Voegelin, 1937-40, p.445.
|očisa| ‘gnat’ (diminutive) Voegelin, 1937-40, p.445
---
Kickapoo: |oocea| 12-05-89 fly’ Voorhis-92",819
820,verb,physical_motion,,,820
821,verb,physical_motion,,,821
822,noun,plant,†xya,,822
823,noun,plant,†xye,,823
824,verb,physical_motion,†pi 0.x,,824
825,verb,physical_motion,†ha 0.0,,825
826,noun,animal_bird,,,826
827,noun,physical_somatic_body_part,,Yuchi |šo| LB,827
828,verb,physical_motion,,,828
829,verb,perceptual,†xa 0.p,,829
830,,perceptual,†si 0.p,,830
831,verb,perceptual,†sa 0.p,,831
832,,abstract_number,,,832
833,,abstract_number,,Arikara: |šihUx| ‘five’ DRP,833
834,noun,animal_fish,,,834
835,verb,perceptual_tactile,†tį ʔ.S,,835
836,verb,perceptual_tactile,†tį,,836
837,verb,natural_phenomenon,,PUA #63 Mn: |pita|; My: |béete|; Yq: |béete| ‘burn’ (Miller),837
838,verb,physical_action,,,838
839,verb,physical_action,,,839
840,verb,social_war,,,840
841,noun,physical_spatial_area,†wąx,,841
842,noun,physical_spatial_area,†owe,,842
843,,person,,Yuchi: |wæ̨tʔæ| LB,843
844,verb,evaluative,,,844
845,noun,physical_somatic_body_part_animal,,PUA |*masa| ‘wing’ Miller #466,845
846,,social_kin,,,846
847,noun,social_kin,,,847
848,noun,physical_substance,,,848
849,verb,perceptual,,,849
850,,physical_somatic_function,,,850
851,particle,physical_spatial,†tki,,851
852,particle,physical_spatial,†ke,,852
854,verb,physical_motion,†pE x.0,,854
855,verb,physical_motion,†ši 0.p,,855
856,verb,physical_motion,"†hį 0.0, hį-pe",,856
857,verb,physical_action,,,857
858,verb,physical_action,,,858
859,noun,physical_somatic_body_part,,Yuchi: |da| LB,859
860,noun,physical_somatic_body_part,†išta,"Tunica: |-štahpu| ‘face’, |-štáhta| ‘whiskers’, |-štósu|
‘eye’; cf. {tósu} ‘seed’ MRH",860
861,verb,existence,†htų,,861
862,,perceptual,†ku t.x,,862
863,,perceptual,†ku t.s,,863
864,,physical_contact_manipulation,,,864
865,verb,physical_motion,†wVh,,865
866,verb,physical_motion,†wiye-yi,,866
867,verb,physical_motion,†pe k.0,,867
868,noun,physical_spatial,,,868
869,,time_phase,†hąk,,869
870,,time_phase,†hak,,870
871,enclitic,n/a,†š(V),,871
872,,n/a,,,872
873,noun,plant,,,873
874,noun,animal_mammal,,,874
875,noun,physical_somatic_body_part,,"Yuchi: |ʔʌ̨tšu|, cf. |ʔʌ̨khi| ‘arm’
---
Atakapa |est| ‘elbow’ Swadesh via JEK",875
876,noun,physical_somatic_body_part,,,876
877,,abstract_number,,Miami: |palani| (with variant forms recorded.),877
878,noun,animal,,,878
879,,physical_spatial,,,879
880,verb,physical_consumption,,,880
881,noun,natural_phenomenon,,"RR: PA |*-a:meHk-| (medial), |*-a:meHkw-| (noun final) Aubin-28
(from Go.)",881
882,noun,physical_somatic_body_part,,,882
883,noun,physical_somatic_body_part,,,883
884,noun,physical_somatic_body_part,,,884
885,noun,animal_bird,,,885
886,noun,animal_bird,,,886
887,,physical_artefact_shelter,,,887
888,noun,animal_bird,,,888
889,verb,perceptual,†še 0.k,,889
890,verb,perceptual,†xe 0.0,,890
891,verb,perceptual,†us,,891
892,verb,physical_condition,†še ʔ.0,,892
893,verb,physical_condition,†xe ʔ.0,,893
894,verb,physical_condition,†se ʔ.0,,894
895,verb,physical_consumption,†hį 0.0,,895
896,verb,physical_consumption,†ką t.0,,896
897,noun,physical_artefact_dress,,Wichita |rhincʔa| ‘clothing from the waist down’ DSR,897
898,verb,psychic_cognition,,,898
899,noun,animal_bird,,"|orí:teʔ|; Oneida |oli:teʔ|; Huron |oritley|; Tusc. |urí:ʔneʔ|,
Mithun p. 268. Proto Keresan |*hú•ʔù•ga| Miller + Davis, IJAL 29:322",899
900,noun,physical_artefact_part,†wiye,,900
901,noun,physical_artefact_part,†opa,,901
902,noun,plant,,,902
903,noun,animal_domestic,,,903
904,verb,physical_action,,,904
905,verb,physical_action,,,905
906,verb,physical_motion,,,906
907,verb,perceptual,†rą š.p,,907
908,,n/a,,,908
909,verb,physical_contact_manipulation,†ko 0.t,,909
910,verb,physical_contact_manipulation,†ke ʔ.0,,910
911,verb,evaluative,,,911
912,verb,psychosomatic,,"W169 |*t-qé|; M-58:112 |*tʔéhi|
---
PUA #131 |*te| ‘die’; #133 |*ʔe| ‘die’ Miller",912
913,noun,natural_force_weather,,,913
914,enclitic,n/a,†wa,,914
915,particle,n/a,†ši,,915
916,particle,n/a,†he,,916
917,pronoun,n/a,†e,,917
918,particle,n/a,†ʔa,,918
919,particle,n/a,†ha,,919
920,,physical_somatic_function,,,920
921,,physical_somatic_function,,,921
922,noun,animal_mammal,,"Yuchi: |weʔǰʌ̨| LB
---
Cf. PUA #123 |*te, *tek| ‘deer’, Miller
---
Cf. Proto Keresan |*dya´n’é| Miller + Davis, IJAL
2 9:321",922
923,verb,psychic_cognition_caus,,,923
924,noun,time_phase,,,924
925,noun,social_kin,,,925
926,noun,social_kin,,,926
927,noun,social_kin,,,927
928,noun,perceptual_visual,†sih,,928
929,noun,perceptual_visual,†kpá,,929
930,noun,perceptual_visual,†hą́,,930
931,verb,evaluative,,,931
932,verb,social_culture,,Yuchi:|†goštįči| LB,932
933,instrumental prefix,physical_contact_deformation,,,933
934,verb,physical_contact_deformation,†sa 0.r,,934
935,verb,physical_contact_deformation,†šo 0.0,,935
936,verb,physical_contact_deformation,†so 0.0,,936
937,verb,physical_contact_deformation,†ka 0.w,,937
938,verb,physical_contact_deformation,†ką 0.0,,938
939,verb,physical_contact_deformation,†ki 0.p,,939
940,verb,physical_contact_deformation,†ka 0.0,,940
941,noun,plant,,,941
942,noun,plant,,,942
943,verb,psychic_emotion_expression,†Sa 0.k,,943
944,verb,physical_contact_deformation,†Su 0.S,,944
945,verb,physical_contact_deformation,†pu 0.S,,945
946,verb,perceptual_auditory,†rų w.0,,946
947,noun,animal_bird,†khąx,,947
948,noun,animal_bird,†wą,,948
949,verb,physical_motion,†te p.0,,949
950,noun,plant_part,,,950
951,verb,perceptual_auditory,,,951
952,noun,animal,,,952
953,noun,animal_bird,,,953
954,noun,plant_part,,"PUA #38 |*poko| ‘berry’, CM |poko-pi|; SP |poko-ⁿ| Miller, 1967
---
Shawnee: |hotehimi| ‘strawberry’ Voegelin",954
955,noun,physical_contact_manipulation,†he 0.0,,955
956,verb,physical_contact_manipulation,,,956
957,verb,social_education,†we,,957
958,verb,physical_somatic_function,†hoxpe,,958
1059,noun,physical_somatic_body_part,†su,,1059
1060,noun,physical_somatic_body_part,†rątų,,1060
959,noun,plant,,"Cf. Proto-North-Caddoan |*wasa•| ‘cottonwood’ ART; Arapaho
|hé:3ne:béxo| ‘cottonwood’ Salzmann, 1983, 70. (|béxo| = a medial meaning
‘wood’)",959
960,verb,evaluative,,,960
961,noun,plant_part,,"Tunica: |háhka| ‘corn’ MRH
---
Choctaw: |habali| ‘tassel, as corn’ RR",961
962,noun,plant,†warut,,962
963,noun,plant,†yek,"Pawnee: |re•ksu|
---
Arikara: |ne•šuʔ|
---
Wichita: |tɛ´•sʔ| ART-120
---
Caddo: |kisi’| Chafe
---
Pawnee: |Nikiis| Gilmore 1919
---
Proto Northern Iroquoian |*-nẽhst-| < |*-nẽh-| ‘seed’, Mithun-272",963
964,noun,plant,†thąse,"Chickasaw |tanči| ‘corn’
---
Choctaw |tą:či| (RR)
---
Mobilian |tanči| (Crawford)
---
Kiowa |ʻa•thán| ‘corn tassel’ (LJW)
---
Kiowa |é•thâl| ‘corn’ (LJW)
---
Proto Keresan |*dâ•ni| ‘squash’ (Miller and Davis, IJAL 29, p.321).",964
965,noun,plant,†ko ko-xą,"Caddo: |kisi’| Chafe
---
Pawnee: |Nikiis| Gilmore 1919",965
966,noun,plant,†kmą,,966
967,noun,physical_artefact_part,,,967
968,noun,physical_somatic_body_part,,,968
969,verb,physical_contact,†ru 0.x,,969
970,verb,physical_contact,†rhu 0.0,"JEK: Proto UA |*to| ‘copulate’, Miller PUA#100.",970
971,verb,physical_contact,†ip 0.0,,971
972,verb,physical_condition_change,,,972
973,particle,n/a,†ha,,973
974,verb,psychic_emotion,,,974
975,verb,physical_motion,,,975
976,verb,physical_motion,,,976
977,verb,physical_contact_manipulation,†we s.0,,977
978,verb,physical_contact_manipulation,†we x.0,,978
979,particle,n/a,†sa,,979
980,,n/a,,,980
981,verb,natural_force_weather,†rį s.h,,981
982,,physical_material,†rį š.0,,982
983,verb,physical_material,†rį x.0,,983
984,verb,evaluative,,,984
985,noun,natural_force_weather,,,985
986,verb,physical_motion,,,986
987,verb,perceptual_visual,,,987
988,noun,physical_somatic_body_part,,,988
989,noun,perceptual_visual_shape,,,989
990,verb,physical_somatic,†ke t.0,,990
991,noun,plant,,Pawnee: |tukawiu| Gilmore-90,991
992,noun,physical_somatic_body_part,,,992
993,noun,person,†ši 0.0 ši-ka,,993
994,noun,person,†ši 0.0 ši-to,,994
995,noun,person,†ši 0.0 ši-wį,,995
996,noun,person,†ši 0.0 hok-ši,Tunica |ʔɔ´kaší| ‘child+male’ Haas,996
997,verb,physical_contact_deformation,†te 0.0,,997
998,noun,physical_somatic_body_part,,,998
999,noun,physical_material,,,999
1000,noun,plant_part,,,1000
1001,verb,physical_motion_caus,,,1001
1002,noun,animal_fish,,,1002
1003,noun,animal_domestic,†puS,,1003
1004,verb,physical_contact,†ki ʔ.0,Yuchi |kʔõ| ‘carry’ LB,1004
1005,,psychic_temperament,,,1005
1006,verb,social_communication,,Yuchi |pʔæ| ‘call for’ LB,1006
1007,verb,social_communication,,,1007
1008,verb,social_communication,,"Yuchi, YU |ti| (LB) ‘name’",1008
1009,noun,physical_somatic_body_part,,,1009
1010,noun,physical_artefact_container,,,1010
1011,noun,animal_bird,,,1011
1012,noun,animal_bird,,Choctaw: |šeki| Byington,1012
1013,noun,animal_bird,,Choctaw: |šeki| Byington,1013
1014,verb,social_transfer,,,1014
1015,noun,physical_somatic_body_part,†šįt,,1015
1016,noun,physical_somatic_body_part,,,1016
1017,verb,person_professional,†pa h.t,,1017
1018,verb,social_culture,†xE 0.0,,1018
1019,verb,physical_condition_change,†to 0.x,,1019
1020,,physical_condition_change,†ye,,1020
1021,noun,physical_condition_change,†wra,,1021
1022,verb,physical_condition_change,†Su 0.r,,1022
1023,,physical_condition_change,†rą o.0,,1023
1024,verb,physical_condition_change,†re V.0,,1024
1025,verb,physical_action,†rą š.0,,1025
1026,noun,plant,,,1026
1027,noun,plant,,,1027
1028,noun,social_kin,,,1028
1029,noun,social_kin,,,1029
1030,noun,social_kin,,,1030
1031,noun,social_kin,,,1031
1032,noun,social_kin,,,1032
1033,noun,social_kin,,,1033
1034,noun,social_kin,,,1034
1035,verb,physical_somatic_function,,,1035
1036,noun,physical_somatic_body_part,,,1036
1037,verb,physical_contact_deformation,†tu p.x,,1037
1038,verb,physical_contact_deformation,†po 0.t,,1038
1039,verb,physical_contact_deformation,†pu š.0,,1039
1040,verb,physical_contact_deformation,†pi š.0,,1040
1041,verb,physical_contact_deformation,†pE š.0,,1041
1042,verb,physical_contact_deformation,†pE s.0,,1042
1043,verb,physical_contact_deformation,†ši 0.p,,1043
1044,verb,physical_contact_deformation,†se k.0,,1044
1045,verb,physical_contact_deformation,†sa k.0,,1045
1046,verb,physical_contact_deformation,†Sų p.0,,1046
1047,verb,physical_contact_deformation,†Si 0.S,,1047
1048,verb,physical_contact_deformation,†sa k.k,,1048
1049,verb,physical_contact_deformation,†pa 0.x,,1049
1050,verb,physical_contact_deformation,†Sa p.k,,1050
1051,verb,physical_contact_deformation,†xu 0.x,,1051
1052,verb,physical_contact_deformation,†še,,1052
1053,verb,physical_contact_deformation,†xo 0.k,,1053
1054,noun,physical_consumption,,"RR: Cf. Choctaw and Chickasaw |paska |‘bread’, |palaska| ‘bake’.",1054
1055,verb,psychic_temperament,†šo 0.š,,1055
1056,verb,psychic_temperament,†si 0.h,,1056
1057,verb,psychic_temperament,†sa ʔ.0,,1057
1058,noun,animal_bird,,Yuchi: |šaʔane| LB,1058
1061,noun,physical_artefact_container,†ko h.k,,1061
1062,noun,physical_artefact_tool_weapon,,"JEK: Cf. Algonquian: PA |*me’tekw-a| ‘wood, an.’; Menominee:
|(ne)-mɛɛ’tek| ‘my bow’; Fox: |méytä| ‘bow’; Sh.: |mytekw-a
~ meytekwa| ‘bow’; Miami: |mitékopa| ‘bow’; Chey.:
|ma’tahke| ‘bow, archaic term’, also Kickapoo: |mehteeha| ‘bow’ Voorhis-65.",1062
1063,verb,physical_action,,,1063
1064,noun,physical_somatic_body_part,,"PUA#52, |ʔo, oho| ‘bone’ Miller.  Cf. Proto Musk |*foni| < |**xwoni|
‘bone’, also Mikasuki ʻahii ‘tree’. PUA #52 *ʔo, oho ‘bone’
Miller. PUA #64 *hu ‘tree, wood’ Miller. Cf. ‘bone’.",1064
1065,verb,physical_condition_change,,,1065
1066,noun,physical_somatic,,,1066
1067,noun,physical_artefact_vehicle,,|*meʔteko:ši| ‘dug-out canoe’ Aubin-1231,1067
1068,verb,perceptual_visual_color,,"Cf. Choctaw/Chickasaw |tóhbi| ‘light colored, white’ RR",1068
1069,verb,natural_force_weather,†Sį 0.k,,1069
1070,verb,natural_force_weather,†pu 0.0 pu-xųh,,1070
1071,verb,natural_force_weather,†pex,,1071
1072,noun,physical_somatic_liquid,,"Yuchi |weʔí| LB
---
PUA #21 |*ʔet|, |*ʔew| ‘blood’ Miller",1072
1073,noun,natural_force_weather,,,1073
1074,verb,physical_somatic_disease,,,1074
1075,verb,physical_somatic,,,1075
1076,noun,physical_artefact_dress,,,1076
1077,noun,physical_artefact_dress,,,1077
1078,noun,physical_artefact_tool,,,1078
1079,verb,perceptual_visual_color,†šep,"Yuchi |išpi| ‘dark, dirty’ LB",1079
1080,verb,perceptual_visual_color,†sep,Yuchi |ʔíspi| LB,1080
1081,verb,perceptual_visual_color,†špi,"Yuchi |išpi| ‘dark, dirty’ LB",1081
1082,verb,perceptual_visual_color,†šap,,1082
1083,verb,perceptual_visual_color,†sap,"Yuchi |ʔíspi| LB
---
Cf. PUA #50 |*sakwa| ‘blue’ (v. ‘black’) Miller.",1083
1084,verb,perceptual_taste,,,1084
1085,noun,animal_mammal,†Róxe,,1085
1086,noun,animal_mammal,†wihté•,"Yuchi |wedi| ‘bovine’; |wadĩga| ‘bison’; |wedza| ‘hog’ (LB). Ballard
speculates we- ‘non-Yuchi animate’.",1086
1087,noun,animal_bird,†awą́•r,"Powhatan |monnagh, monassaw| Strachey ‘turkey’",1087
1088,noun,animal_bird,†zik,,1088
1089,noun,animal_bird,†yVk,,1089
1090,noun,animal_bird,†sih,,1090
1091,noun,animal_bird,†reska,Koasati |tiskahomma| ‘bird + red’ = ‘cardinal’ GK,1091
1092,noun,animal_bird,†awą́•x,,1092
1093,verb,physical_somatic_liquid,,,1093
1094,noun,physical_somatic_liquid,,,1094
1095,verb,perceptual_visual,,,1095
1096,verb,perceptual_visual,†ihtą́,,1096
1097,particle,physical_spatial,†ku,,1097
1098,particle,physical_spatial,†ko,,1098
1099,,psychic_emotion_caus,,"JEK: Cf. Swadesh 44(?) |*mə| or |*muu?| Atakapa |min, muŋ|; Chitimacha
|hihmu| both meaning ‘bee’.",1099
1100,adverb,physical_spatial,,,1100
1101,noun,plant_part,,,1101
1102,verb,physical_contact_manipulation,†ko š.0,,1102
1103,verb,physical_contact_manipulation,†ši k.š,,1103
1104,verb,physical_contact_manipulation,†ko 0.S,,1104
1105,verb,physical_contact_manipulation,†šą k.0,,1105
1106,verb,physical_contact_manipulation,†šo 0.0,,1106
1107,verb,physical_contact_manipulation,†ši 0.š,,1107
1108,verb,physical_contact_manipulation,†še k.k,,1108
1109,verb,physical_contact_manipulation,†Sį ʔ.0,,1109
1110,verb,physical_contact_manipulation,†So 0.k,,1110
1111,verb,physical_contact_manipulation,†ko š.p,,1111
1112,verb,physical_contact_manipulation,†ko h.S,,1112
1113,verb,physical_contact_manipulation,†ke 0.š,,1113
1114,noun,physical_artefact_dress,,,1114
1115,noun,physical_somatic_body_part,,Yuchi |tšetši| LB,1115
1116,verb,physical_somatic_function,,,1116
1117,adverb,physical_spatial,†Ras,,1117
1118,verb,social_communication,,JEK: Cf. PUA #13 *ta ‘ask’. Miller.,1118
1119,,animal_insect,†kǫx,,1119
1120,noun,animal_insect,†hezik,"Cf. PUA #33 |*sek, cek|. Miller RR: N.B. Shawnee |heemo| (pl. |heemoki|)
‘bee’ Voegl.-456; Miami amawia ‘bee’; Kickapoo aamoa ‘bee’ Voorhis-6.",1120
1121,noun,physical_artefact,,,1121
1122,noun,physical_artefact_furniture,,,1122
1123,noun,animal_mammal,,Cf. Yuchi |šapa| ‘fox’ LB-23,1123
1124,noun,animal_mammal,†wąto,,1124
1125,noun,animal_mammal,,"Cf. Miller PUA #30 ‘bear’ |*pos, poc| NT |vóxi|; My |hoóso| (cf.
Sp. OSO JEK)  Cr. |huúceʔe|; Hch |húuce|.  Cf. UA |huna| ‘badger’.",1125
1126,noun,animal_mammal,†wasape,Cf. Comanche |wasape|.,1126
1127,noun,plant_part,,,1127
1128,noun,physical_artefact_dress_jewelry,†pus,,1128
1129,verb,existence,,,1129
1130,verb,physical_contact,,,1130
1131,noun,plant_part,,,1131
1132,noun,physical_artefact_container,,"Cf. Yuchi |y’ǫt’ašk’a| ‘post oak’ Crawford
---
Creek |tcoska| ‘white oak’
---
Alabama |tcisha| ‘post oak’
---
Hitchiti |tciski| ‘white oak’ (JRS)
---
Tunica |čuhki| ‘oak’ (MRH)",1132
1133,noun,plant_part,,,1133
1134,noun,plant_part,,,1134
1135,verb,perceptual_visual,†ra s.0,Proto Muskogean |*xala/o-|.,1135
1136,noun,physical_somatic_body_part,†re• 0.t,,1136
1137,noun,physical_artefact,,,1137
1138,noun,physical_artefact_container,,"Cf. Proto-Keresan |*pâ•ni| ‘bag’ Miller + Davis, IJAL 29:324",1138
1139,noun,animal_mammal,,Cf. PUA 18 |*huna| ‘badger’ Miller.  Cf. UA ‘bear’ RR.,1139
1140,verb,evaluative,†xik,,1140
1141,verb,evaluative,†šik,,1141
1142,,physical_spatial,,,1142
1143,noun,physical_somatic_body_part,,,1143
1144,noun,physical_artefact_tool,,,1144
1145,verb,psychosomatic,†xi 0.k,,1145
1146,noun,time_phase,,,1146
1147,noun,social_kin,,,1147
1148,,n/a,,,1148
1149,,n/a,,,1149
1150,verb,social_communication,,,1150
1151,noun,physical_substance,†yą 0.0 wyą-xote,,1151
1152,noun,physical_substance,†yu 0.s,,1152
1153,noun,plant,,"Arikara |čiNIhnáakuʔ| DRP-3; cf. Dhegiha, check Pawnee
---
Proto Musk. *sinap(o) ‘ash’",1153
1154,noun,plant_part,,,1154
1155,noun,plant,,,1155
1156,verb,physical_motion,,,1156
1157,verb,physical_motion,,"Cf. Yuchi |nehe, dzi, ši, ti| LB(?)",1157
1158,verb,physical_motion,,,1158
1159,verb,physical_motion,,,1159
1160,noun,physical_somatic_body_part,,,1160
1161,noun,physical_somatic_body_part,,Yuchi |ʔʌ̨khi| LB?,1161
1162,verb,physical_motion,†ta k.0,,1162
1163,verb,physical_motion,†re 0.0,,1163
1164,verb,physical_motion,†ki 0.0,,1164
1165,,physical_motion,,,1165
1166,noun,physical_somatic_body_part,,Cf. Choc. |iškiš| ‘anus’; Tunica |-ški| ‘anus’,1166
1167,noun,animal_mammal,,,1167
1168,noun,social_kin,,,1168
1169,,abstract_amount,,,1169
1170,verb,psychosomatic,,,1170
1171,,physical_spatial,,,1171
1172,,physical_spatial,,,1172
1173,adverb,time,†ši,,1173
1174,adverb,time,†ša,,1174
1175,suffix,n/a,,,1175
1176,adverb,physical_spatial,†ake/aki 0.0,,1176
1177,noun,abstract_amount,,,1177
1178,noun,plant_part,,,1178
1179,verb,physical_somatic_disease,†rįʔ 0.r,,1179
1180,prefix,n/a,,,1180
1181,adverb,physical_spatial,†aka 0.0,,1181
1182,noun,social_nation,,,1182
1183,noun,social_nation,,,1183
1184,noun,social_nation,,,1184
1185,noun,social_nation,,"Tunica TU |wášaše| ‘cry of a captive’ MRH
---
Yuchi YU |wešášiha| ‘Osage’ LB",1185
1186,pronoun,n/a,,,1186
1187,noun,person,,Men: |saakanaas| LB-231,1187
1188,pronoun,n/a,,,1188
1189,pronoun,n/a,,,1189
1190,pronoun,n/a,,,1190
1191,pronoun,n/a,,,1191
1192,pronoun,n/a,,,1192
1193,pronoun,n/a,,,1193
1194,pronoun,n/a,,,1194
1195,pronoun,n/a,,,1195
1196,pronoun,n/a,,,1196
1197,pronoun,n/a,,,1197
1198,pronoun,n/a,,,1198
1199,pronoun,n/a,,,1199
1200,pronoun,n/a,,,1200
1201,pronoun,n/a,,,1201
1202,pronoun,n/a,,,1202
1203,pronoun,n/a,,,1203
1204,pronoun,n/a,,"Cf. Proto-Keresan |*hínU| ‘I, we’ Miller and Davis, IJAL-29, p.322.",1204
